Utterance,Label
Increase the brightness of the living room lamps to 90%,General
How do you determine the heat of vaporization of a liquid?,General
Set the basement lights to ivory,General
Set the bathroom lights to dark green,General
Turn on the office table lamp,General
Tell me about the new developments in climate science,General
How do you calculate the osmotic pressure of a solution?,General
How do you determine the concentration of an analyte using titration?,General
How do you calculate the standard enthalpy of formation?,General
How do you calculate the rate of diffusion?,General
What is the definition of Bathysmal?,General
Is it going to rain next month?,General
How do you calculate the activation energy of a reaction?,General
Explain the current theories in molecular physics,General
What does innocuous mean?,General
How do you use Raman spectroscopy to analyze chemical compounds?,General
Dim the sunroom lights to 60%,General
What are the properties of ethers?,General
How do you extract and purify proteins?,General
What does superfluous mean?,General
What does Eccedentesiast mean?,General
Increase the brightness of the sunroom lights to 90%,General
Is it going to be hot next weekend?,General
Will it be cold next Wednesday?,General
Whats the latest research on renewable energy efficiency?,General
How do you calculate the dilution factor of a solution?,General
What is a synonym for Leitmotif?,General
How do you determine the refractive index of a material?,General
Set the basement lights to emerald green,General
Whats the weather forecast for the next twenty-five days?,General
Whats the current news in technology?,General
Is there a heat advisory today?,General
Give me synonyms for brave,General
Turn on the left side lamp in the bedroom,General
Set the porch lights to dark blue,General
Whats the forecast for this evening?,General
Whats the latest in AI-driven drug discovery?,General
Is it going to be hot this weekend?,General
Whats the temperature forecast for next Sunday?,General
What is the role of microRNAs in gene expression?,General
Dim the nursery lights to 40%,General
Dim the entryway lights to 40%,General
What are the recent findings in cellular biology?,General
Is it going to be hot next Monday?,General
What is an antonym of good?,General
Increase the brightness of the bathroom lights to 70%,General
Turn on the patio sconces,General
Explain the new findings in evolutionary psychology,General
How do antibiotics kill bacteria?,General
Is it going to be cloudy next Friday?,General
Update me on todays innovations in science,General
Increase the brightness of the office lights to 90%,General
Define superfluous,General
Increase the brightness of the garage workbench light to 50%,General
Dim the nursery lights to 45%,General
Dim the basement lights to 45%,General
Summarize the advancements in robotics research,General
Is it going to rain next weekend?,General
Is there a heat advisory for next week?,General
Change the nursery lights to a soft purple,General
What are the effects of ozone depletion on UV radiation levels?,General
What is the function of the digestive system?,General
Whats happening in scientific research today?,General
Set the entryway lights to dark green,General
How do you use differential scanning calorimetry ?,General
What does insipid mean?,General
Turn off the bathroom fan,General
What is an antonym of difficult?,General
Turn on the entryway lights,General
What does Clinquant mean?,General
What are the properties of polycyclic aromatic hydrocarbons ?,General
How do you measure the electrical conductivity of a material?,General
What are the impacts of fossil fuel combustion on climate?,General
Dim the dining room chandelier to 40%,General
What are the top three science news articles today?,General
What does serene mean?,General
How do you calculate the Gibbs free energy change?,General
Set the living room lights to peach,General
Is it going to be hot next week?,General
Whats the temperature in Dallas at the moment?,General
Set the dining room lights to ruby,General
Set the hallway lights to light pink,General
How do you measure the tensile strength of a material?,General
Tell me about the new findings in microbiology,General
How do you conduct a microarray experiment?,General
Set the living room lights to a vibrant orange,General
How do you create a model of natural selection?,General
Dim the entryway lights to 20%,General
What is a synonym for harmful?,General
What is the definition of laconic?,General
Whats the weather like in San Francisco at the moment?,General
Will it be cool next Thursday?,General
How do you conduct a CRISPR-Cas9 gene editing experiment?,General
Whats the high for today?,General
How do you create a model of gene regulation?,General
How do you isolate and analyze lipids from biological samples?,General
What does Fuscous mean?,General
Whats the current understanding of quantum mechanics?,General
What is the definition of Cacophony?,General
How do you measure the thermal conductivity of a solid?,General
Increase the brightness of the study lights to 60%,General
What are the synonyms of content?,General
Increase the brightness of the basement lights to 90%,General
Change the kitchen lights to lemon yellow,General
How is artificial intelligence used in healthcare?,General
Give me the top technology news stories of the day,General
Whats the current news in genetics?,General
Whats the forecast for next Monday?,General
Set the living room lights to amber,General
What are the impacts of habitat fragmentation on wildlife?,General
Whats the current dew point in Seattle?,General
What are the effects of pesticides on human health?,General
Whats the wind chill factor today?,General
How do you conduct a fluorescence in situ hybridization  experiment?,General
Set the dining room lights to a cool cyan,General
What are the effects of air pollution on respiratory health?,General
What are the properties of liquid metals?,General
What is the definition of Chiaroscuro?,General
What is an antonym of summarize?,General
How does quantum entanglement work?,General
How do you measure the electrical conductivity of a metal?,General
What is an antonym of odorless?,General
Whats the current wind gust speed in Los Angeles?,General
What are the principles of immunology?,General
What are the impacts of climate change on marine ecosystems?,General
Whats the temperature in Houston at the moment?,General
What does Vituperate mean?,General
What does Intransigent mean?,General
What is the role of the microbiome in human health?,General
Whats the current wind gust speed in Boston?,General
Change the basement lights to cream,General
Whats the temperature in San Diego right now?,General
Change the color of the bathroom lights to purple,General
Whats the current humidity in Atlanta?,General
How do you measure the heat of combustion of a substance?,General
Set the patio string lights to green,General
How do you determine the refractive index of a solution?,General
Dim the porch lights to 25%,General
Whats the current wind direction?,General
What are the principles of quantum mechanics?,General
What is the role of hormones in the endocrine system?,General
Set the porch lights to mint,General
What are the impacts of invasive species on native ecosystems?,General
Set the bedroom lights to dark blue,General
Is it going to be clear next week?,General
What does redolent mean?,General
Turn off all smart plugs,General
Increase the brightness of the hallway lights to 90%,General
Can you give me a synonym for second to last?,General
Turn on the patio lights,General
Change the kitchen lights to coral,General
Tell me about the new advancements in robotics,General
What is the role of biofilms in microbial communities?,General
What is an antonym of harsh?,General
Change the living room light color to red,General
What is the role of stem cells in regenerative medicine?,General
How does a mass spectrometer work?,General
Can you provide a synonym for Fugacious?,General
Give me an antonym for Eximious,General
How do you conduct a yeast two-hybrid experiment?,General
Turn on the basement lights,General
How do you calculate the osmotic pressure of a biological solution?,General
Whats the weather forecast for the next nine days?,General
Whats the weather like in Seattle at the moment?,General
What is a synonym for Adoxography?,General
What does flabbergasted mean?,General
Change the dining room lights to navy,General
Change the kitchen light color to cyan,General
Set the living room lights to lime,General
What is an antonym of honorable?,General
Turn on the bedroom reading lamp,General
Turn off the bedroom air purifier,General
What are the properties of aromatic hydrocarbons?,General
What are the impacts of illegal wildlife trade on biodiversity?,General
What are the current trends in bioinformatics?,General
What are the current trends in machine learning?,General
Dim the living room lights,General
Increase the brightness of the nursery reading light to 85%,General
Will it be cold tonight?,General
Increase the brightness of the bathroom lights to 85%,General
Give me a summary of todays tech news,General
What are the synonyms of rare?,General
What is a synonym for Grandiloquent?,General
Set the hallway lights to emerald green,General
Update me on current advancements in technology,General
What is an antonym of happy?,General
Is it going to be warm next weekend?,General
What are the causes of genetic mutations?,General
Change the hallway lights to rose,General
Tell me about the new discoveries in theoretical physics,General
How do you determine the optical activity of a compound?,General
Increase the brightness of the nursery lights to 90%,General
Will it be humid next Monday?,General
Set the kitchen lights to coral,General
What are the principles of ecology?,General
Set the entryway lights to mint green,General
Whats the weather like in Miami?,General
What does vociferous mean?,General
Change the bathroom lights to dark blue,General
Dim the bedroom lights to 25%,General
What are the impacts of urbanization on carbon emissions?,General
What are the synonyms of funny?,General
Whats the weather like in Vancouver right now?,General
Whats the current dew point in Houston?,General
Dim the kitchen lights to 25%,General
Whats the latest research news in biology?,General
Whats the antonym of chaotic?,General
Give me an antonym for harmful,General
How do you measure the surface tension of a liquid?,General
Define iconoclast for me,General
How do you create a model of gene regulation networks?,General
What is the function of nucleic acids in cells?,General
Change the kitchen lights to ruby red,General
Increase the brightness of the bedroom lights to 80%,General
Update me on todays breakthroughs in biotechnology,General
Change the bathroom lights to navy blue,General
Is there a weather advisory for tomorrow?,General
Increase the brightness of the living room lights to 80%,General
Can you give me a synonym for persuasive?,General
Increase the brightness of the bedroom lights to 85%,General
What is an antonym of solution?,General
What is the role of hormones in the body?,General
Set the patio lights to cyan,General
Is it going to be clear skies next Wednesday?,General
What is the function of the nervous system?,General
What are the properties of amines?,General
Set the entryway lights to dark blue,General
Can you provide a synonym for Tenebrous?,General
What does paradigm mean?,General
What is a synonym for Autochthonous?,General
Set the kitchen lights to ruby,General
What is the function of chloroplasts in plant cells?,General
Tell me the latest findings in neuroscience,General
Change the hallway lights to teal,General
Set the bedroom lights to 65% brightness,General
Set the bathroom lights to sky blue,General
Will it be sunny next Wednesday?,General
Whats the current weather in London?,General
Change the office lights to emerald green,General
Explain the significance of the latest research on gravitational waves,General
What is the principle of conservation of mass?,General
Turn off the patio lights,General
Change the basement lights to lemon yellow,General
Change the color of the kitchen lights to mint green,General
What is the definition of antediluvian?,General
What are the principles of thermodynamics?,General
What is a synonym for Erstwhile?,General
What is a synonym for routine?,General
Change the office lights to dark green,General
How do you conduct a northern blot experiment?,General
What are the effects of noise pollution on wildlife?,General
What are the properties of acids and bases?,General
Turn off the study lamp,General
Turn off the dining room chandelier,General
Can you provide a synonym for fear?,General
Update me on todays scientific breakthroughs,General
What does Amaranthine mean?,General
Whats new in the field of nanotechnology today?,General
Turn off the basement stairway light,General
What are the properties of coordination complexes?,General
What is the definition of trepidation?,General
Dim the bedroom lights to 55%,General
Is it going to be warm next Monday?,General
Define serendipity,General
What is a synonym for Recalcitrant?,General
Increase the brightness of the living room lights to 85%,General
Whats the weather like in Toronto at the moment?,General
Change the dining room lights to lemon yellow,General
Is it going to be clear skies tomorrow?,General
Change the office lights to coral,General
Whats the antonym of fast?,General
What are the properties of chiral molecules?,General
What does Evanescent mean?,General
What are the effects of radiation on human health?,General
Is it going to be clear skies next week?,General
How can you measure the speed of light?,General
Give me todays scientific news highlights,General
Set the sunroom lights to a soothing blue,General
What are the principles of molecular cloning?,General
What is a synonym for tiny?,General
What is the definition of esoteric?,General
Turn on the string lights in the backyard,General
Is it going to be hot tomorrow?,General
Whats the weather like in Los Angeles right now?,General
What does vindicate mean?,General
Can you give me a synonym for talkative?,General
How do you calculate the enthalpy of formation of a compound?,General
How do you measure the thermal conductivity of a material?,General
Change the hallway lights to mint green,General
How do you calculate the molar absorptivity of a compound?,General
Turn on the bedroom lamps,General
How do you conduct a western blot experiment?,General
Tell me about the breakthroughs in stem cell research,General
Increase the brightness of the dining room lights to 95%,General
What is the definition of Nostrum?,General
Is there a flood warning?,General
Change the bedroom lights to dark blue,General
Set the bedroom lights to cool white,General
Will it be chilly this evening?,General
Whats the top science headline today?,General
Will it be sunny next Sunday?,General
How do you use IR spectroscopy to identify functional groups?,General
What are the effects of dioxins on human health?,General
How do you isolate and quantify RNA?,General
Is it going to be foggy next week?,General
What does elated mean?,General
Define epiphany,General
What is an antonym of Lagniappe?,General
Should I wear a hat this weekend?,General
Set the patio lights to green,General
What are the differences between prokaryotic and eukaryotic cells?,General
Whats the temperature right now?,General
Summarize the advancements in computational biology,General
Set the living room lights to daylight,General
What does ephemeral mean?,General
How do you calculate the acceleration of an object?,General
What are the impacts of oil spills on marine ecosystems?,General
What is the role of ribonucleases in RNA processing?,General
What does Aposiopesis mean?,General
Whats the weather like in Boston?,General
Set the basement lights to coral,General
What are the effects of greenhouse gases on climate change?,General
Set the living room lights to raspberry,General
Is it going to rain tonight?,General
Dim the porch lights to 20%,General
What is a synonym for Allegiant?,General
What does Bloviate mean?,General
Is it going to be windy next Monday?,General
Whats the antonym of miserable?,General
How do you create a model of photosynthesis?,General
How do you calculate the entropy change of a system?,General
Set the nursery lights to white,General
What does altruistic mean?,General
Tell me about the advancements in neuroscience technology,General
What is the definition of Prevaricate?,General
What are the causes and effects of acid rain?,General
Is it going to be warm this weekend?,General
How do you create a model of nitrogen cycling?,General
What are the recent advancements in gene therapy?,General
What is the function of chlorophyll in plants?,General
Is it going to be hot next Wednesday?,General
Whats the temperature in Miami at the moment?,General
How do you calculate the entropy change of a process?,General
How do you use Fourier transform infrared  spectroscopy to analyze samples?,General
Whats the antonym of discontent?,General
Change the bathroom lights to red,General
Define Quixotic for me,General
Set the living room lights to sunset mode,General
Give me an antonym for friendliness,General
Dim the hallway lights to 30%,General
Whats the latest in regenerative medicine?,General
Set the porch lights to green,General
Can you provide a synonym for Nugatory?,General
Give me an antonym for Agelast,General
What is an antonym of Pyrrhic?,General
What are the stages of mitosis?,General
Give me an antonym for Dilatory,General
What is the role of enzymes in metabolism?,General
What are the main theories of dark matter?,General
Change the kitchen lights to dark green,General
Increase the brightness in the office,General
Is there a chance of hail today?,General
Set the garage lights to pink,General
Is there a chance of snow this weekend?,General
Set the kitchen lights to daylight,General
How do you determine the specific heat capacity of a solid?,General
Whats the humidity like today?,General
Will it be humid next Saturday?,General
Change the hallway lights to emerald green,General
How do you measure electrical resistance?,General
Turn on the kitchen lights,General
Turn on the bathroom mirror lights,General
Give me an antonym for Antediluvian,General
How are black holes formed?,General
How does a nuclear reactor generate power?,General
Turn off the basement ceiling light,General
Will it be cold next Friday?,General
How do you conduct a polymerase chain reaction ?,General
Turn on the bedroom ceiling light,General
What does Fugacious mean?,General
Increase the brightness of the hallway lights to 60%,General
How do you use X-ray crystallography to determine molecular structure?,General
Will it be cool next Friday?,General
Define perplexed,General
How do you calculate the mechanical advantage of a machine?,General
Is it going to be clear skies next Sunday?,General
Whats the temperature in Dallas right now?,General
What is the role of prions in neurodegenerative diseases?,General
How do you measure the refractive index of an oil?,General
Dim the dining room lights to 40%,General
What are the new studies in synthetic biology?,General
Turn on the entryway sconces,General
How do you measure the refractive index of a liquid using a refractometer?,General
What is an antonym of Phosphenes?,General
How do you calculate the molal concentration of a solution?,General
How do you create a climate model?,General
What is an antonym of problem?,General
What are the principles of gene therapy?,General
Is it going to snow this weekend?,General
Turn on the study lights,General
Set the garage lights to ruby,General
What are the principles of computational chemistry?,General
What are the principles of genetics?,General
How do you measure the concentration of ions in a solution?,General
Increase the brightness of the nursery lights to 60%,General
Should I wear gloves this weekend?,General
Define perspicacious,General
Turn on the garage string lights,General
Whats the current research on climate change?,General
What is the function of DNA in heredity?,General
Will it be cold next Monday?,General
Is it going to be cloudy next Thursday?,General
What are the synonyms of joyful?,General
How is carbon dioxide used in photosynthesis?,General
Set the thermostat to 68 degrees,General
Give me todays update on scientific advancements,General
Change the living room lights to warm white,General
Turn on the office lights,General
What are the synonyms of efficient?,General
Is it going to be cloudy next Sunday?,General
Turn off the living room ceiling light,General
Set the hallway lights to 65% brightness,General
What is an antonym of Deliquescent?,General
Is it going to be warm this evening?,General
What is the role of prions in infectious diseases?,General
Give me an antonym for accuse,General
How do you use gel electrophoresis to separate proteins?,General
Should I wear a coat today?,General
What does parsimonious mean?,General
Whats the temperature in Austin right now?,General
Set the living room lights to warm white,General
Define euphoria for me,General
How do you determine the concentration of a solution?,General
What is the definition of Effulgent?,General
Turn on the office ceiling fan light,General
Whats the latest in renewable energy research and development?,General
Change the office lights to navy,General
What does Philippic mean?,General
Give me todays top science headlines,General
Whats the current barometric pressure in Los Angeles?,General
Define pragmatic,General
How do you create a model of microbial ecosystems?,General
How do you measure the refractive index of a gas?,General
Is it going to be windy next Thursday?,General
Change the bathroom lights to coral,General
Turn on the kitchen island lights,General
What is the role of chaperone proteins in protein folding?,General
Can you give me a synonym for perceptive?,General
Whats trending in the science world today?,General
What is the role of lncRNAs in gene regulation?,General
Define sagacious for me,General
What is a synonym for Pellucid?,General
How do you isolate and analyze lipids?,General
Set the entryway lights to pale blue,General
Set the bathroom lights to yellow,General
How do you calculate the rate of enzyme catalysis?,General
What are the properties of coordination compounds?,General
Define pernicious for me,General
Whats the best outfit for a hot and humid day?,General
What are the properties of graphene?,General
How do you create a model of population growth?,General
How do you isolate and characterize cell organelles?,General
Set the bedroom lights to purple,General
Is it going to be cloudy next Monday?,General
How do you create a model of trophic interactions?,General
Turn on the entryway chandelier,General
What are the impacts of land use change on biodiversity?,General
Is there a flood watch?,General
Give me an antonym for Nocuous,General
Turn off the porch spotlights,General
Turn off the fireplace lights,General
Change the hallway lights to emerald,General
What does Borborygmus mean?,General
What is an antonym of generous?,General
Will it rain the day after tomorrow?,General
Should I wear a scarf today?,General
Change the kitchen lights to white,General
How do you determine the enthalpy of vaporization?,General
Whats the weather forecast for the next fourteen days?,General
What does capricious mean?,General
What are the properties of colloidal suspensions?,General
Whats the antonym of frequent?,General
What is the role of RNA interference in gene silencing?,General
What is the definition of ethereal?,General
Set the thermostat to cool mode,General
Whats the weather like in San Francisco right now?,General
How hot will it be tomorrow?,General
What are the effects of bisphenol A  on human health?,General
What does melancholy mean?,General
Whats the antonym of ugly?,General
Is it going to be clear next Friday?,General
What does prodigious mean?,General
Increase the brightness of the basement lights to 75%,General
Will it be sunny tomorrow?,General
Turn off the kitchen fan,General
Change the hallway lights to mint,General
Whats the temperature forecast for next Tuesday?,General
Is it going to be warm next Sunday?,General
Set the living room lights to teal,General
How do you measure the viscosity of a liquid using a viscometer?,General
I want to Exit,Exit
Exit,Exit
Bye for now,Exit
Gotta go,Exit
Logging out,Exit
Exiting now,Exit
Signing off,Exit
Talk to you later,Exit
Shutting this down,Exit
Ending conversation,Exit
Closing chat,Exit
Goodbye,Exit
I'm done,Exit
Thank you,Exit
That's all,Exit
Stopping now,Exit
No more questions,Exit
I'm out,Exit
Done for today,Exit
All set,Exit
That's it,Exit
Turning off,Exit
Goodnight,Exit
Time to leave,Exit
Session over,Exit
Finishing up,Exit
Pausing,Exit
Disengaging,Exit
Disconnecting,Exit
Break time,Exit
Complete,Exit
Ceasing,Exit
End of line,Exit
Let's stop here,Exit
No more for now,Exit
I'm signing out,Exit
Time to wrap up,Exit
Be back later,Exit
Logging off now,Exit
I'm going offline,Exit
Finished,Exit
Shut this off,Exit
Let's end this,Exit
Stopping the chat,Exit
Goodbye for today,Exit
We'll continue later,Exit
Closing the session,Exit
Check out,Exit
Stepping away,Exit
I've got to run,Exit
Enough chat,Exit
Powering down,Exit
I'll be back,Exit
Going offline,Exit
Leave session,Exit
I need a break,Exit
Call it a wrap,Exit
That will do,Exit
I'm heading out,Exit
End chat,Exit
See you next time,Exit
Session closed,Exit
Off now,Exit
Quit,Exit
I'm turning off,Exit
It's over,Exit
Done chatting,Exit
Heading off,Exit
Cutting this short,Exit
That's my time,Exit
Outta here,Exit
Stop conversation,Exit
Break off,Exit
Exit chat,Exit
Say goodbye,Exit
Leaving now,Exit
I've got to leave,Exit
Wrap this up,Exit
It's been fun,Exit
No more discussion,Exit
This is my stop,Exit
I'll stop here,Exit
Time's up,Exit
Done for now,Exit
Leaving the chat,Exit
Take a break,Exit
Let's close this,Exit
Seal this off,Exit
Finish,Exit
Closing time,Exit
I'm quitting,Exit
Moving on,Exit
I'm stopping,Exit
Enough for now,Exit
Shut it down,Exit
Logging out now,Exit
That's a wrap,Exit
Close it up,Exit
I'll exit now,Exit
Saying bye,Exit
Time to exit,Exit
I will leave,Exit
Ending now,Exit
I'm leaving,Exit
Stopping session,Exit
Done interacting,Exit
End of session,Exit
Goodbye for now,Exit
Close now,Exit
I'll go now,Exit
Stop this,Exit
Leaving session,Exit
Turning this off,Exit
I'm done talking,Exit
Goodbye and thanks,Exit
Let's finish,Exit
I am out,Exit
Cease interaction,Exit
Going silent,Exit
I quit,Exit
That concludes it,Exit
Signing out now,Exit
Ending this chat,Exit
Let's conclude,Exit
Done here,Exit
I conclude,Exit
Time for me to go,Exit
I'm finished here,Exit
Shut down,Exit
Bye-bye,Exit
Bye bye,Exit
See you,Exit
I'm off now,Exit
We're done,Exit
Hanging up,Exit
I'm exiting,Exit
Time to end,Exit
Leave conversation,Exit
No longer here,Exit
Ceasing now,Exit
Stopping this now,Exit
Goodbye now,Exit
I will stop,Exit
End now,Exit
I'm outta here,Exit
Disconnect now,Exit
That's all from me,Exit
Time to disconnect,Exit
Session ending,Exit
That's enough chat,Exit
I'm finished,Exit
Locking off,Exit
Go offline,Exit
Leaving for now,Exit
Exiting chat,Exit
Stopping this session,Exit
That’s my cue to leave,Exit
Session is over,Exit
Let’s halt here,Exit
Time for a break,Exit
End this session,Exit
Off to log out,Exit
Enough talking,Exit
End,Exit
Time to sign off,Exit
Let's wrap this up,Exit
I’ll see you around,Exit
Signing off for today,Exit
Closing this down,Exit
I'll make my exit,Exit
Time for me to exit,Exit
This session is over,Exit
We're finished here,Exit
End of our chat,Exit
That's it for today,Exit
I'm shutting off,Exit
Stopping the session now,Exit
Closing off,Exit
That’s it for now,Exit
Let's close the session,Exit
I'm calling it a day,Exit
We’re done talking,Exit
Alright goodbye,Exit
No more today,Exit
Shut off,Exit
Bye for today,Exit
I'm saying goodbye,Exit
Okay I'm done,Exit
That's my exit,Exit
Ending it here,Exit
I’m done for today,Exit
That’s all I needed,Exit
Goodbye and take care,Exit
Goodbye see you,Exit
Alright that’s it,Exit
Let's end it here,Exit
I say goodbye,Exit
It’s time to go,Exit
This is goodbye,Exit
Ending the chat now,Exit
Time to say goodbye,Exit
I’m closing this session,Exit
Alright I’m out,Exit
I’m off to other things,Exit
That's me done,Exit
It's time to stop,Exit
We can stop now,Exit
That's all for today,Exit
I'll be leaving now,Exit
This ends our chat,Exit
Okay I’m leaving,Exit
That's the end,Exit
Goodbye I’m out,Exit
I’m going offline now,Exit
We'll end here,Exit
Okay bye,Exit
See you around,Exit
That’s me out,Exit
This conversation is over,Exit
End of the line,Exit
Shut this session down,Exit
Let's end the session,Exit
Time to close,Exit
Stopping right here,Exit
I'm closing the chat,Exit
I’m off now,Exit
We’re done for today,Exit
That's the conclusion,Exit
That's it I’m out,Exit
Goodbye it's been real,Exit
Okay let's stop here,Exit
We're finished,Exit
I'm exiting the session,Exit
That’s it for our chat,Exit
I'll leave now,Exit
That's my final goodbye,Exit
I'm wrapping this up,Exit
Shutting off now,Exit
Goodbye time to go,Exit
This is my exit,Exit
Closing the conversation,Exit
Ending our session,Exit
We’re through here,Exit
Okay ending now,Exit
That’s it goodbye,Exit
Let's shut it down,Exit
I'm finishing up,Exit
I’ll head out now,Exit
Goodbye end of session,Exit
Session terminated,Exit
This is the end,Exit
Bye shutting down,Exit
That's all I have,Exit
I’m logging out,Exit
I’m off goodbye,Exit
Leaving the conversation,Exit
That's my leave,Exit
Okay I quit,Exit
Time to log off,Exit
I'm heading off,Exit
Done with this session,Exit
I'm stepping out,Exit
Session complete,Exit
Alright this is goodbye,Exit
Goodbye for real,Exit
Bye and thanks,Exit
We'll stop here,Exit
That's it I’m done,Exit
Alright that's all,Exit
See you later goodbye,Exit
This session is done,Exit
I'm done with the chat,Exit
Bye end of chat,Exit
Time to end this,Exit
Shutting down now,Exit
That's goodbye,Exit
It's been good goodbye,Exit
Closing up,Exit
Goodbye I’m off,Exit
Ending the conversation now,Exit
I'll say goodbye,Exit
I'm going offline goodbye,Exit
Leaving goodbye,Exit
This is farewell,Exit
Goodbye closing session,Exit
Okay shutting down,Exit
Goodbye and out,Exit
We're done goodbye,Exit
That's it for now goodbye,Exit
Ending this now,Exit
Bye I’m done,Exit
Ending the session,Exit
No more goodbye,Exit
Goodbye that’s all,Exit
That concludes our session,Exit
Leaving now goodbye,Exit
I’m out goodbye,Exit
Stopping this goodbye,Exit
Goodbye session over,Exit
This ends now,Exit
I'm finishing now,Exit
That’s a final goodbye,Exit
This conversation ends here,Exit
I'm out thanks,Exit
Goodbye session closed,Exit
That’s it end of chat,Exit
Goodbye exit session,Exit
Dismissed,Exit
Good Job,Exit
Adios,Exit
Bye,Exit
Thanks for your time,Exit
Thank you for that,Exit
Thanks for that,Exit
Thats all,Exit
Perfect job goodbye,Exit
Good job,Exit
See you Atom,Exit
Signing off Atom,Exit
Goodbye Atom,Exit
Catch you later Atom,Exit
Thanks Atom,Exit
I'm done talking Atom,Exit
That's enough for today Adam,Exit
Time to log off Atom,Exit
Shutting down this chat Atom,Exit
No more questions Atom,Exit
Okay bye Atom,Exit
Pause the chat Atom,Exit
End of line Atom,Exit
All done Atom,Exit
Wrap up Adam,Exit
Logging out now Atom,Exit
Closing session Atom,Exit
Time out Atom,Exit
I'm out Adam,Exit
Enough for now Atom,Exit
That's my cue Atom,Exit
Ending now Atom,Exit
I will leave now Atom,Exit
Disconnect Atom,Exit
Stop this Adam,Exit
This is my stop Atom,Exit
I'm heading out Atom,Exit
Goodnight Atom,Exit
I'll see you later Atom,Exit
Leave conversation Atom,Exit
I'm stepping away Atom,Exit
This session is over Atom,Exit
Turning off the chat Atom,Exit
No more for today Atom,Exit
I need to go now Atom,Exit
Time to shut this off Atom,Exit
Okay I'm done Atom,Exit
That's it for now Atom,Exit
Finish up Atom,Exit
I'm going offline Atom,Exit
Stopping this conversation Atom,Exit
Done for the day Atom,Exit
Time to power down Atom,Exit
Closing down now Atom,Exit
We're done here Atom,Exit
Goodbye for today Atom,Exit
I've got to run Atom,Exit
Thanks for now Atom,Exit
Cease chatting Atom,Exit
I quit Atom,Exit
I'm signing out now Atom,Exit
This is farewell Atom,Exit
Okay wrapping up now Atom,Exit
Goodbye and take care Atom,Exit
It's over Adam,Exit
Logging off for today Atom,Exit
That's all I needed Adam,Exit
Cutting this short Atom,Exit
Done interacting Atom,Exit
Hanging up now Atom,Exit
Moving on Atom,Exit
Closing the conversation Atom,Exit
Let's stop here Atom,Exit
Say goodbye Atom,Exit
We'll continue later Atom,Exit
Check out Atom,Exit
Stepping out now Atom,Exit
Session closed Atom,Exit
Off now Atom,Exit
Bye Atom,Exit
Quit chat Atom,Exit
Back later Atom,Exit
Leave session Atom,Exit
Time's up Atom,Exit
See you next time Atom,Exit
That concludes it Atom,Exit
Call it a day Atom,Exit
End this chat Atom,Exit
Okay that's it Atom,Exit
I'm off now Atom,Exit
Enough chat Atom,Exit
Let's conclude this Atom,Exit
Sign off now Atom,Exit
Goodbye now Adam,Exit
End of our chat Atom,Exit
It's time to go Atom,Exit
Pause this Adam,Exit
I'll be back later Atom,Exit
Go offline Atom,Exit
Ending the session now Atom,Exit
We're finished here Atom,Exit
Break time Atom,Exit
I'm calling it a day Atom,Exit
That's enough talking Atom,Exit
Let's end this now Atom,Exit
Bye bye Atom,Exit
Session over Atom,Exit
I'm going offline now Atom,Exit
That's a wrap Atom,Exit
No longer here Atom,Exit
Let's put this on hold Atom,Exit
Goodbye it's been real Atom,Exit
Okay ending this Atom,Exit
I'll make my exit now Atom,Exit
We'll end here Atom,Exit
I'm finishing up now Atom,Exit
I'm stepping out Atom,Exit
Session complete Atom,Exit
Goodbye for now Adam,Exit
I'll see you Adam,Exit
Thanks for the help Atom,Exit
Signing off for now Atom,Exit
Ending session now Adam,Exit
Take care Atom,Exit
Okay logging off Atom,Exit
Shutting off now Atom,Exit
It's been real Adam,Exit
Later gator Atom,Exit
Time to bounce Atom,Exit
Catch you on the flip side Atom,Exit
I'm off to other things Atom,Exit
Time for me to go Adam,Exit
I'm shutting this down now Atom,Exit
Powering down Atom,Exit
That’s all for today Atom,Exit
Goodbye see you Adam,Exit
I’ll head out now Atom,Exit
Let’s halt here Adam,Exit
Closing this down Atom,Exit
That's me done Adam,Exit
Ending it here Atom,Exit
Let's wrap this up Atom,Exit
Okay let's stop here Atom,Exit
We're finished Atom,Exit
I'm exiting the session Atom,Exit
That’s it for our chat Atom,Exit
I'll leave now Atom,Exit
That's my final goodbye Atom,Exit
I'm wrapping this up Atom,Exit
Goodbye time to go Atom,Exit
This is my exit Atom,Exit
Ending our session Atom,Exit
We’re through here Atom,Exit
Okay ending now Atom,Exit
That’s it goodbye Atom,Exit
Let's shut it down Atom,Exit
I'm finishing up Atom,Exit
Goodbye end of session Atom,Exit
Session terminated Atom,Exit
This is the end Atom,Exit
Bye shutting down Atom,Exit
That's all I have Atom,Exit
I’m logging out Atom,Exit
I’m off goodbye Atom,Exit
Leaving the conversation Atom,Exit
That's my leave Atom,Exit
Okay I quit Atom,Exit
I'm heading off Atom,Exit
Done with this session Atom,Exit
Alright this is goodbye Atom,Exit
Goodbye for real Atom,Exit
Bye and thanks Atom,Exit
We'll stop here Atom,Exit
Bye and thanks for all the fish,Exit
Good job Atom,Exit
Nicely done buddy,Exit
Good job pal,Exit
Wonderful work,Exit
Amazing,Exit
Perfect execution,Exit
Thanks for your work buddy,Exit
Nice job man,Exit
Thanks dude,Exit
Bye man,Exit
Peace out dude,Exit
You did awesome my friend,Exit
You did well my friend,Exit
You have succeeded,Exit
You did great,Exit
Time to go bud,Exit
Thanks for all you've done,Exit
You really helped me out,Exit
That was really helpful,Exit
That was exactly what i wanted,Exit
Shut up,Exit
Stop playing music,General
Stop music,General
Stop this song,General
This fucking sucks,Profanity
What the hell is this?,Profanity
You piece of dogshit,Profanity
This is bullshit,Profanity
You’re a useless bot,Profanity
What the fuck?,Profanity
I can't believe this shit,Profanity
Screw you,Profanity
Damn it this sucks,Profanity
Are you fucking kidding me?,Profanity
This is so fucking annoying,Profanity
You bastard,Profanity
Fuck off,Profanity
This is crap,Profanity
You asshole,Profanity
Goddamn it,Profanity
What a load of bullshit,Profanity
Shit this is bad,Error
Fuck you,Profanity
You’re fucking useless,Profanity
This is the worst,Profanity
You piece of shit,Profanity
What the actual fuck?,Profanity
This is so shitty,Profanity
You're a joke,Profanity
This is fucked up,Profanity
I hate this,Profanity
You’re an idiot,Profanity
Fuck this,Profanity
This is garbage,Profanity
Stupid bot,Profanity
You’re a piece of shit,Profanity
What kind of bullshit is this?,Profanity
This is fucking terrible,Profanity
I can’t stand this,Profanity
What a fucking joke,Profanity
This is so fucked,Profanity
You’re so fucking dumb,Profanity
This is awful,Profanity
You’re pathetic,Profanity
This is such crap,Profanity
Fucking ridiculous,Profanity
I hate this fucking thing,Profanity
You’re worthless,Profanity
This is a piece of shit,Profanity
Fuck this shit,Profanity
You’re a fucking idiot,Profanity
This is absolute bullshit,Profanity
What the fuck is wrong with you?,Profanity
This is fucking bullshit,Profanity
You’re a fucking joke,Profanity
This is so damn annoying,Profanity
What a piece of shit,Profanity
I fucking hate this,Profanity
You’re so fucking useless,Profanity
This is such bullshit,Profanity
This is fucking trash,Profanity
I can’t fucking believe this,Profanity
You’re fucking terrible,Profanity
This is fucking crap,Profanity
You’re fucking pathetic,Profanity
This is fucking stupid,Profanity
I fucking hate you,Profanity
This is fucking ridiculous,Profanity
You’re so fucking annoying,Profanity
This is a fucking disaster,Profanity
What the hell is wrong with you?,Profanity
This is fucking dreadful,Profanity
You’re fucking trash,Profanity
This is fucking horrendous,Profanity
I fucking despise this,Profanity
You’re fucking horrible,Profanity
This is a fucking mess,Profanity
What the fucking hell?,Profanity
You’re so fucking bad,Profanity
This is such fucking crap,Profanity
You’re a fucking disgrace,Profanity
This is fucking atrocious,Profanity
You’re a fucking waste,Profanity
This is fucking inexcusable,Profanity
You’re fucking terrible at this,Profanity
This is a fucking joke,Profanity
You’re fucking awful,Profanity
This is fucking embarrassing,Profanity
You’re fucking pitiful,Profanity
This is fucking horrid,Profanity
You’re a fucking failure,Profanity
This is fucking disgusting,Profanity
You’re fucking abysmal,Profanity
This is fucking hopeless,Profanity
You’re fucking incompetent,Profanity
This is fucking deplorable,Profanity
You’re fucking horrendous,Profanity
This is fucking revolting,Profanity
You’re fucking subpar,Profanity
This is fucking reprehensible,Profanity
What the hell is this,Profanity
You piece of crap,Profanity
What the fuck,Profanity
Damn it this sucks,Error
Are you fucking kidding me,Profanity
Shit something happened,Error
What the actual fuck,Profanity
What kind of bullshit is this,Profanity
What the fuck is wrong with you,Profanity
What the hell is wrong with you,Profanity
What the fucking hell,Profanity
You fucking idiot,Profanity
This is total bullshit,Profanity
What a fucking disaster,Profanity
This is a fucking nightmare,Profanity
You fucking moron,Profanity
This is so fucked up,Profanity
I fucking give up,Profanity
This is complete shit,Profanity
You fucking asshole,Profanity
You fucking bastard,Profanity
This is utter bullshit,Profanity
This is pure bullshit,Profanity
What the fuck is this,Profanity
You fucking suck,Profanity
You fucking dumbass,Profanity
This is total crap,Profanity
This is fucking infuriating,Profanity
This is so fucking stupid,Profanity
This is total garbage,Profanity
You fucking piece of shit,Profanity
This is complete crap,Profanity
You’re fucking worthless,Profanity
This is fucking absurd,Profanity
This is a fucking disgrace,Profanity
This is so fucking bad,Profanity
This is total nonsense,Profanity
This is fucking abysmal,Profanity
You’re fucking hopeless,Profanity
This is pure crap,Profanity
This is complete nonsense,Profanity
You’re a fucking disaster,Profanity
You’re a fucking mess,Profanity
This is fucking insane,Profanity
This is complete bullshit,Profanity
You're a nigger lover,Profanity
Do you like cock,Profanity
Do you take cock up the ass,Profanity
Suck my dick,Profanity
Goddamn piece of shit,Profanity
Youre a dicksucker,Profanity
your a fuck,Profanity
Suck a cock,Profanity
Asshole,Profanity
Dick for brains,Profanity
Nigger,Profanity
Nigga,Profanity
Fuck thats not what I wanted,Error
I asked for music and you told me the weather,Error
I wanted to turn off the lights but they are still on,Error
You played the wrong song,Error
I asked to lower the volume but it's still the same,Error
Something went wrong,Error
You turned on the TV instead of turning it off,Error
Damn it thats not what I wanted,Error
You gave me anerror instead of the answer,Error
I said to close the curtains but they're still open,Error
I wanted to know my schedule but you told me the time,Error
You didn’t respond to my command,Error
I asked for the temperature but you gave me the weather,Error
I asked you to turn off the fan but it's still on,Error
The curtains didn’t open when I asked,Error
I asked for the news but you started playing music,Error
You set the brightness to 100% instead of 50%,Error
You misunderstood my request,Error
You failed to execute my command,Error
I asked for the weather but you gave me news,Error
You didn't play my favorite playlist,Error
You turned the lights red instead of blue,Error
I said turn off the lights but they’re still on,Error
You didn't turn off the fan as I requested,Error
I asked for Back in Black but you played something else,Error
I told you to increase the brightness but it stayed the same,Error
You gave me the wrong information,Error
The fan speed didn’t change when I asked,Error
You didn’t turn off the AC when I asked,Error
I wanted jazz music but you played rock,Error
I asked for my calendar events and got the weather instead,Error
You didn’t dim the lights as I asked,Error
The music didn’t stop when I asked you to,Error
I asked for a weather update but you played a song,Error
I asked you to open the garage but it didn’t work,Error
You didn’t activate the alarm system,Error
I wanted to hear the news but got silence,Error
You didn’t lock the doors,Error
I asked for traffic updates and you told me the news,Error
You didn’t switch off the heater,Error
The lights didn’t change color,Error
I asked for the temperature and you didn’t respond,Error
I wanted to know my reminders but you didn’t tell me,Error
You didn’t set the alarm,Error
I asked for a joke and you gave me the news,Error
I asked you to turn off the coffee maker but it's still on,Error
You didn’t turn on the outdoor lights,Error
The TV didn’t turn on,Error
I asked to lower the blinds but they are still up,Error
I wanted to listen to a podcast but you played music,Error
You didn’t answer my question,Error
The fan speed stayed the same,Error
I asked to pause the music but it kept playing,Error
You didn’t unlock the doors,Error
I asked for my emails but got nothing,Error
You didn’t turn off the oven,Error
The thermostat didn’t adjust,Error
You didn’t open the garage door,Error
I asked for my schedule and got nothing,Error
You didn’t respond to my request for a song,Error
The alarm didn’t turn off,Error
I asked for a recipe but you didn’t provide it,Error
The lights didn’t turn off,Error
I asked for the time but got no response,Error
You didn’t turn on the washing machine,Error
The blinds didn’t lower,Error
I asked for a reminder but you didn’t set it,Error
The TV volume didn’t change,Error
I asked to turn on the fan but it didn’t work,Error
You didn’t read my messages,Error
I wanted to know the date but you didn’t tell me,Error
You didn’t set the timer,Error
I asked for movie recommendations but got none,Error
The garage door didn’t close,Error
I asked for news updates but got weather,Error
You didn’t turn off the humidifier,Error
I wanted to know my tasks but got nothing,Error
You didn’t brew the coffee,Error
The air purifier didn’t start,Error
I asked for the lights to dim but they didn’t,Error
You didn’t tell me the sports scores,Error
I asked for my notes but got nothing,Error
You didn’t turn off the water heater,Error
The lights didn’t turn on,Error
I asked for music but got silence,Error
You didn’t set the temperature,Error
The curtains didn’t close,Error
I asked for the news and you gave me the weather,Error
You didn’t turn off the lights,Error
The fan didn’t turn off,Error
I asked to play a game but nothing happened,Error
You didn’t turn on the air conditioner,Error
I asked for my calendar and got nothing,Error
You didn’t start the dishwasher,Error
The TV didn’t turn off,Error
I asked for a weather update but got no response,Error
You didn’t turn off the lights in the bedroom,Error
The thermostat didn’t change,Error
I asked for a traffic update but got news,Error
You didn’t unlock the garage,Error
The oven didn’t preheat,Error
I asked to play music but nothing happened,Error
You didn’t turn off the sprinklers,Error
I wanted to hear the weather but got silence,Error
You didn’t turn on the fan in the living room,Error
The air conditioner didn’t turn off,Error
I asked for stock updates but got news,Error
You didn’t lock the front door,Error
The blinds didn’t raise,Error
I asked for a bedtime story but got music,Error
You didn’t start the washing machine,Error
The TV didn’t switch channels,Error
I asked for the temperature but got no response,Error
You didn’t turn off the fan in the bedroom,Error
The thermostat didn’t turn on,Error
I asked for the news and got nothing,Error
You didn’t turn on the lights in the kitchen,Error
The oven didn’t turn off,Error
I asked for a joke but got no response,Error
You didn’t start the vacuum cleaner,Error
The blinds didn’t close,Error
I asked for music and got nothing,Error
You didn’t turn off the lights in the living room,Error
The fan didn’t turn on,Error
I asked for a timer but it didn’t set,Error
You didn’t read my reminders,Error
The coffee maker didn’t turn off,Error
I asked for the date but got no response,Error
You didn’t open the blinds,Error
The washing machine didn’t start,Error
I asked for my tasks but got nothing,Error
You didn’t turn off the TV,Error
The blinds didn’t open,Error
I asked for the weather but got no response,Error
The fan speed didn’t change,Error
I asked for a song but you didn’t play it,Error
You didn’t turn off the AC in the bedroom,Error
The alarm didn’t set,Error
I asked for a movie recommendation but got nothing,Error
You didn’t turn on the lights in the hallway,Error
The thermostat didn’t respond,Error
I asked for a traffic update but got nothing,Error
You didn’t start the coffee maker,Error
The garage door didn’t open,Error
I asked for my calendar events but got nothing,Error
You didn’t turn off the humidifier in the bedroom,Error
The air purifier didn’t turn on,Error
I asked for music but you didn’t play it,Error
You didn’t turn off the lights in the kitchen,Error
The fan didn’t respond,Error
I asked for a weather update but got nothing,Error
You didn’t start the oven,Error
I asked for a joke and got silence,Error
Error you didn’t turn off the lights in the kitchen,Error
Error The fan didn’t respond,Error
Error I asked for a weather update but got nothing,Error
Error You didn’t start the oven,Error
Error I asked for a joke and got silence,Error
You didn’t unlock the front door,Error
The air conditioner didn’t start,Error
I asked for news updates but got nothing,Error
Damn it that wasnt right,Error
Fuck that isnt what I wanted,Error
That isnt what I wanted,Error
Thats not right,Error
That isnt what you were supposed to do,Error
Nope not correct,Error
Error log I asked for this and recieved that,Error
Thats not quite right,Error
Shit something broke,Error
Atom how did I break you?,Error
Adam are you alive,Error
Atom did you hear me?,Error
Atom try again,Error
Try again,Error
That wasnt what I asked for,Error
Hmm lets try something different,Error
alright well that didnt work,Error
You didn't follow the command correctly,Error
This isn't what I expected from you,Error
Your response was incorrect,Error
You didn't execute the task properly,Error
This outcome isn't right,Error
You need to improve your accuracy,Error
This isn't the result I was looking for,Error
Your performance needs to be better,Error
You didn't interpret the request correctly,Error
This isn't the expected behavior,Error
Your output was not as requested,Error
You didn't handle the task correctly,Error
This result is not satisfactory,Error
You need to understand the instructions better,Error
This isn't the correct response,Error
You didn't complete the task as expected,Error
Your action wasn't accurate,Error
This isn't what I programmed you to do,Error
You need to follow the instructions more closely,Error
This result is not what I wanted,Error
You didn't execute the command as expected,Error
Your response needs to be more accurate,Error
This isn't the desired outcome,Error
You need to process the instructions correctly,Error
This isn't the correct action,Error
Your performance on this task is not satisfactory,Error
You didn't follow through with the command properly,Error
This result is not what I instructed,Error
You need to improve your execution,Error
This isn't what I expected from your response,Error
Define iconoclast for me,General
Whats the weather forecast for the next fourteen days?,General
Can you find out the time in Moscow right now,General
Put on the album 25 by Adele,General
What does Ebullient mean?,General
Is it going to be hot next Sunday?,General
Define lugubrious for me,General
Set the thermostat to 68 degrees,General
Increase the brightness in the office,General
Increase the audio volume,General
Define iconoclast for me,General
Whats the weather forecast for the next fourteen days?,General
Can you find out the time in Moscow right now,General
Put on the album 25 by Adele,General
What does Ebullient mean?,General
Is it going to be hot next Sunday?,General
Define lugubrious for me,General
Set the thermostat to 68 degrees,General
Increase the brightness in the office,General
Increase the audio volume,General
Determine the date three weeks from now,General
Id like to hear my Classic Rock mix,General
Can you make it quieter?,General
What does soporific mean?,General
Define Vicissitude for me,General
How do you measure the concentration of ions in a solution?,General
Define superfluous,General
Do I need sunglasses today?,General
Lets listen to some Metallica,General
Is it going to be clear next Friday?,General
Change the color of the sunroom lights to lavender,General
Whats the current weather in London?,General
Whats the temperature in Atlanta at the moment?,General
Increase the brightness of the basement lights to 90%,General
Dim the bathroom lights to 40%,General
Whats the high for today?,General
Please make it quieter,General
Put on some rap music,General
Set the basement lights to dark green,General
Tell me the current news in environmental science,General
Change the nursery lights to a soft purple,General
Turn off the patio chandelier,General
How hot will it be tomorrow?,General
Give me an update on todays technology trends,General
How do you create a model of natural selection?,General
Change the office lights to raspberry,General
Change the hallway lights to mint,General
What does Avuncular mean?,General
Whats the weather forecast for next Sunday?,General
Define tenacity for me,General
Whats the antonym of miserable?,General
How do you measure the refractive index of a transparent material?,General
How do you create a model of cellular signal transduction?,General
Can you give me a synonym for Ebullient?,General
Queue up Bohemian Like You by The Dandy Warhols,General
Set the basement lights to lemon yellow,General
Lets listen to some indie folk,General
Give me todays update on climate change news,General
Play some The Japanese House tracks,General
Whats the weather going to be like this afternoon?,General
What are the impacts of fossil fuel combustion on climate?,General
What are the impacts of climate change on marine ecosystems?,General
What is the definition of Farrago?,General
Advance to the next song,General
How do you create a model of microbial ecosystems?,General
How do you determine the thermal conductivity of a liquid?,General
Whats the weather forecast for the next twenty-three days?,General
Is it going to be clear next week?,General
What is a synonym for whisper?,General
Dim the kitchen lights to 60%,General
What is the role of neurotransmitters in the nervous system?,General
Set the porch lights to dark blue,General
What is the function of antibodies in the immune system?,General
How do you calculate the pKa of a polyprotic acid?,General
Set the kitchen lights to soft white,General
Give me a summary of todays tech news,General
What are the principles of thermodynamics?,General
Queue the Rainy Day Jazz playlist,General
What does Recondite mean?,General
How about my Country Roads playlist?,General
Stop playing the current audio,General
What are the properties of coordination compounds?,General
Is there a severe thunderstorm warning?,General
Turn off the bedroom air purifier,General
What does Bloviate mean?,General
How do you conduct a fermentation experiment?,General
Lets hear the album Automatic for the People by REM,General
Turn on the entryway sconces,General
What are the synonyms of unique?,General
Dim the bedroom lights to 55%,General
Play classical music,General
What are the principles of metabolic pathways?,General
Will it be humid next Tuesday?,General
Whats the weather forecast for the next twenty-one days?,General
Rewind to the start,General
Could you get the time in New York for me,General
How are black holes formed?,General
Change the hallway lights to emerald,General
What are the impacts of agricultural runoff on freshwater systems?,General
What does elated mean?,General
Whats the weather forecast for the next four days?,General
Dim the hallway lights to 20%,General
What are the synonyms of smart?,General
Lets get The Shins going,General
Whats the weather like at the moment?,General
How do you measure the electrical conductivity of a material?,General
Update me on todays technology news,General
What are the principles of immunology?,General
Turn on the dresser lamp in the master bedroom,General
Give me synonyms for quick,General
Rewind the track and play again,General
Provide the time in Tokyo,General
Adjust the volume to 95,General
How do you measure the speed of sound?,General
What is the definition of recalcitrant?,General
How do you measure the thermal conductivity of a material?,General
Whats the current barometric pressure in Atlanta?,General
Whats the weather like in Denver right now?,General
What is the role of ribosomes in protein synthesis?,General
Set the bedroom lights to lavender,General
Dim the dining room lights to 60%,General
Stop the audio now,General
Turn on the patio lights,General
How do you calculate the vapor pressure of a liquid?,General
Update me on todays innovations in biotechnology,General
Set the office lights to teal,General
Increase the brightness of the nursery lights to 85%,General
Tell me the latest in medical research news,General
What are the impacts of oil spills on marine ecosystems?,General
Set an alarm for the start of the workday at 9 AM,General
What is the definition of Nostrum?,General
Will it be rainy this afternoon?,General
What does obfuscate mean?,General
Can you give me a synonym for perceptive?,General
How do you conduct a chemical titration?,General
Is it going to rain tonight?,General
What is a synonym for harmful?,General
How do you conduct a cytotoxicity assay?,General
Set the living room lights to mint green,General
How do you create a climate model?,General
Is it going to be clear next Thursday?,General
Should I wear layers tomorrow?,General
Turn on the sunroom lights,General
Give me todays scientific news highlights,General
How do you calculate the molar mass of a compound?,General
What is an antonym of Lagniappe?,General
Increase the brightness of the nursery lights to 95%,General
Whats the temperature forecast for next Sunday?,General
Raise the sound volume,General
Whats the antonym of sad?,General
What does sagacious mean?,General
Set the volume to 95,General
What are the effects of endocrine disruptors on reproductive health?,General
Set the volume to 5,General
Turn down the music volume,General
Play Dreams by Fleetwood Mac,General
Set the living room lamps to teal,General
What is the definition of laconic?,General
Dim the kitchen lights to 30%,General
How does a nuclear reactor generate power?,General
Play Music,General
Turn right side lamp on,General
Turn mirror purple,General
Turn on bedroom,General
Maximum lighting,General
Low Lighting,General
Its time,General
Lower the lights,General
Turn the fan to speed,General
Turn off the lights,General
Set my reading light,General
Play my playlist,General
Play my loose screws playlist,General
Can you stop the music?,General
Play the album Voodoo Lounge by The Rolling Stones,General
Lets get The Shins going,General
Give me my Pop Hits mix,General
Play funk music,General
Move forward to the next track,General
Bring the audio down,General
Shuffle Wild West/ Dark Country playlist,General
Can you play Shape of You by Ed Sheeran,General
Play some Post Malone songs,General
Play the album The Wall,General
Stop the song,General
Tone the volume down,General
Lower the audio output,General
Lets listen to some AC/DC songs,General
Play the album American Idiot by Green Day,General
Can you play Shape of My Heart by Sting?,General
Pause the track,General
Skip ahead one track,General
I want to hear Rocket Man by Elton John,General
Stop all audio playback,General
Shuffle my Evening Relaxation playlist,General
Spin my Funk Favorites playlist,General
"Volume down, please",General
Play Uptown Funk by Mark Ronson,General
Queue up some romantic classical music,General
Set the volume to 60,General
Play the album Rumours,General
Increase the audio volume,General
Play Sweet Caroline by Neil Diamond,General
Rewind to the first note and play again,General
Bring the music volume down,General
Lets listen to some Kacey Musgraves,General
Skip to the next track,General
Turn the volume up to 60,General
Id love to listen to my Indie Favorites playlist,General
Lower the music slightly,General
I want to hear HUMBLE by Kendrick Lamar,General
Play Wake Me Up by Avicii,General
Quiet it down a notch,General
Skip it,General
I want to listen to the album Achtung Baby by U2,General
Play some Fleetwood Mac classics,General
Id like to hear my Classic Rock mix,General
Play some The Shins songs,General
Play some The War on Drugs songs,General
Turn the sound a bit lower,General
"Next one, please",General
Lower the music volume,General
Reduce the audio sound,General
Play some R and B,General
Play some k-pop,General
Lets listen to Kendrick Lamar,General
Play my Workout Hits playlist,General
Listen to Nuthin but a G Thang by Dr Dre,General
Rewind this song to the start,General
Replay this track,General
Shuffle Teach relativity to your dog playlist,General
Pause the tunes now,General
I want to listen to the album 1989 by Taylor Swift,General
Please skip ahead,General
Please stop the music,General
Rewind to the start and replay,General
I want to listen to the album Blue and Lonesome by The Rolling Stones,General
Play some R and B music,General
Rewind the previous song,General
Turn the volume down,General
I want to listen to the album Hotel California by Eagles,General
Reduce the audio,General
Lets listen to some Vivaldi,General
Replay it,General
Play some New Order,General
Replay the music from the start,General
Queue up Lose Yourself by Eminem,General
Play the album Melodrama by Lorde,General
Play some Fleetwood Mac,General
Turn up the sound a little,General
Make the audio sound lower,General
Pump up the volume,General
Play Get Lucky by Daft Punk,General
Play this tune from the start,General
Lower the music intensity,General
Play some childrens music,General
Turn the volume to 70,General
Play Golden Age by Late Night Episode,General
Lets listen to some blues,General
Play punk music,General
Give me some Bear Hands,General
Play some punk music,General
Play Entertainment by Phoenix,General
Play some chill tracks,General
Lets hear the album Madman Across the Water by Elton John,General
Spin some indie rock,General
Put on the album 25 by Adele,General
Play my Study Session playlist,General
Can you turn it down?,General
Go back to the beginning,General
Stop the current tune,General
Lets hear the album 4 by Beyoncé,General
Crank the music loud,General
Can you stop the music?,General
Play the album Voodoo Lounge by The Rolling Stones,General
Lets get The Shins going,General
Give me my Pop Hits mix,General
Play funk music,General
Move forward to the next track,General
Bring the audio down,General
Shuffle Wild West/ Dark Country playlist,General
Can you play Shape of You by Ed Sheeran,General
Play some Post Malone songs,General
Play the album The Wall,General
Stop the song,General
Tone the volume down,General
Lower the audio output,General
Lets listen to some AC/DC songs,General
Play the album American Idiot by Green Day,General
Can you play Shape of My Heart by Sting?,General
Pause the track,General
Skip ahead one track,General
I want to hear Rocket Man by Elton John,General
Stop all audio playback,General
Shuffle my Evening Relaxation playlist,General
Spin my Funk Favorites playlist,General
"Volume down, please",General
Play Uptown Funk by Mark Ronson,General
Queue up some romantic classical music,General
Set the volume to 60,General
Play the album Rumours,General
Increase the audio volume,General
Play Sweet Caroline by Neil Diamond,General
Rewind to the first note and play again,General
Bring the music volume down,General
Lets listen to some Kacey Musgraves,General
Skip to the next track,General
Turn the volume up to 60,General
Id love to listen to my Indie Favorites playlist,General
Lower the music slightly,General
I want to hear HUMBLE by Kendrick Lamar,General
Play Wake Me Up by Avicii,General
Quiet it down a notch,General
Skip it,General
I want to listen to the album Achtung Baby by U2,General
Play some Fleetwood Mac classics,General
Id like to hear my Classic Rock mix,General
Play some The Shins songs,General
Play some The War on Drugs songs,General
Turn the sound a bit lower,General
"Next one, please",General
Lower the music volume,General
Reduce the audio sound,General
Play some R and B,General
Play some k-pop,General
Lets listen to Kendrick Lamar,General
Play my Workout Hits playlist,General
Listen to Nuthin but a G Thang by Dr Dre,General
Rewind this song to the start,General
Replay this track,General
Shuffle Teach relativity to your dog playlist,General
Pause the tunes now,General
I want to listen to the album 1989 by Taylor Swift,General
Please skip ahead,General
Please stop the music,General
Rewind to the start and replay,General
I want to listen to the album Blue and Lonesome by The Rolling Stones,General
Play some R and B music,General
Rewind the previous song,General
Turn the volume down,General
I want to listen to the album Hotel California by Eagles,General
Reduce the audio,General
Lets listen to some Vivaldi,General
Replay it,General
Play some New Order,General
Replay the music from the start,General
Queue up Lose Yourself by Eminem,General
Play the album Melodrama by Lorde,General
Play some Fleetwood Mac,General
Turn up the sound a little,General
Make the audio sound lower,General
Pump up the volume,General
Play Get Lucky by Daft Punk,General
Play this tune from the start,General
Lower the music intensity,General
Play some childrens music,General
Turn the volume to 70,General
Play Golden Age by Late Night Episode,General
Lets listen to some blues,General
Play punk music,General
Give me some Bear Hands,General
Play some punk music,General
Play Entertainment by Phoenix,General
Play some chill tracks,General
Lets hear the album Madman Across the Water by Elton John,General
Spin some indie rock,General
Put on the album 25 by Adele,General
Play my Study Session playlist,General
Can you turn it down?,General
Go back to the beginning,General
Stop the current tune,General
Lets hear the album 4 by Beyoncé,General
Crank the music loud,General
Please make it less loud,General
Play some j-rock,General
Amplify the sound,General
Please pause playback,General
Play Post Break-Up Sex by The Vaccines,General
Play this again from the start,General
Play grunge music,General
Play the album Rocketman: Music from the Motion Picture by Elton John,General
Lets listen to some indie folk,General
Shuffle my Road Trip Classics playlist,General
You didn’t open the curtains in the basement,Error
The music didn’t stop,Error
error the curtains didn’t open,Error
The lights didn’t dim,Error
The vacuum cleaner didn’t start,Error
The humidifier didn’t turn on,Error
The water heater didn’t turn off,Error
The lights didn’t brighten,Error
Error The alarm system didn’t activate,Error
The music didn’t play,Error
The lights didn’t respond,Error
The air purifier didn’t turn off,Error
The fan speed didn’t increase,Error
The alarm didn’t disarm,Error
The heater didn’t turn off,Error
The washing machine didn’t turn off,Error
The vacuum cleaner didn’t stop,Error
The humidifier didn’t turn off,Error
The thermostat didn’t cool,Error
The water heater didn’t start,Error
Error The lights didn’t adjust,Error
The alarm system didn’t deactivate,Error
The fan didn’t change speed,Error
You didn’t turn off the TV in the garage,Error
The blinds didn’t open in the basement,Error
Error You didn’t turn on the outdoor lights in the attic,Error
The fan didn’t turn off in the dining room,Error
You didn’t turn on the vacuum cleaner in the living room,Error
The fan didn’t respond in the basement,Error
You didn’t start the oven in the dining room,Error
Error The blinds didn’t close in the hallway,Error
I asked for a joke and got no response,Error
Error,Error
Error that wasnt right,Error
Not quite what i wanted,Error
You didnt,Error
You did not,Error
You should have,Error
The air conditioner didn’t cool the room in the living room,Error
The alarm system didn’t respond in the bedroom,Error
The fan didn’t change speed in the office,Error
Error The garage door didn’t shut in the nursery,Error
The music didn’t change tracks in the dining room,Error
Error The coffee maker didn’t turn on in the office,Error
The oven didn’t start in the nursery,Error
The blinds didn’t move in the hallway,Error
The air purifier didn’t work in the garage,Error
You didn’t turn off the water heater in the garage,Error
The lights didn’t turn off in the hallway,Error
Error I asked for a song but you didn’t respond,Error
Error You didn’t turn on the TV in the living room,Error
The thermostat didn’t adjust the temperature,Error
I asked for the news but you didn’t provide it,Error
You didn’t start the dishwasher in the kitchen,Error
The TV didn’t turn on in the bedroom,Error
I asked for the weather but you didn’t respond,Error
You didn’t turn off the fan in the living room,Error
You didn’t turn off the lights in the garage,Error
Error The fan speed didn’t change in the bedroom,Error
I asked for a timer but you didn’t set it,Error
You didn’t read my emails,Error